model,model_label,r2_marginal,r2_conditional,AIC,BIC,logLik
mel,Melanopic EDI,0.4438330789869824,0.8063805320320011,-731.5209738450243,-691.2559575778538,374.76048692251214
phot,Photopic illuminance,0.44452781291389903,0.8066939993549804,-732.6991388603263,-692.4341225931558,375.34956943016317
rho,Rhodopic EDI,0.44267161160170915,0.8054115866284759,-729.906721857959,-689.6417055907885,373.9533609289795
