model,model_label,r2_marginal,r2_conditional,AIC,BIC,logLik
mel,Melanopic EDI,0.4438330789869824,0.8063805320320011,-731.5209738450243,-691.2559575778538,374.76048692251214
phot,Photopic illuminance,0.44452781291389903,0.8066939993549804,-732.6991388603263,-692.4341225931558,375.34956943016317
rho,Rhodopic EDI,0.443842561423633,0.8062668603116009,-731.2514171807601,-690.9864009135896,374.62570859038004
